iban,balance
YPUXISOBI7TTHPK2BR3HAIXL,23854.96
83IDT77FWYLCJVR8ISDACFH0,41091.08
90XYKT83LMM7AARZ8JN958JC,37667.85
7N7ZH1PJ8Q4WU1K965HQQR27,33492.23
TAVHURD845KVBTB8W81AQXRY,13078.67
V6H0O5OE3Q4JVKWDTYWZABMD,3547.81
49V4GVDVMP0MHIDD4VXMQ3A2,7297.70
TS66YQ8R16OX7IJKLUONDQHP,50074.42
CW5U5KS23U7JYD22TVQL7SIH,5420.15
GBZRGDMKUOTO34HBCI7A986J,7977.49
O8ENPRB9UVBL2EFZ7601KC09,2286.61
EBMD95RLK8B82ZAZNXBJ09V5,3160.37
G4UIZKIQVPJM9D31XQVR1E9Z,71173.41
FKK6U634LGI3E7N517DLVVTL,10374.48
AR01SNDMKGECX0EYH7UCW61W,2721.86
28JYZAY4KYT48YI8QW40PWXR,10445.86
KN8XAPR2J5UB8AKDI1EVJ56R,76025.71
HZM7V9PYHPZBN72IDFPXGN8Q,5341.63
O02LHDNNFCVSM6D4H81DIQHE,71540.59
TX26FO9B7YR2VHYDSJBE32AX,12434.23
Y0WSN5IED255808SIYBUOMWO,54989.43
E1XUHCC1N39WGU6XESSK1CAO,1933.34
P7YLGOOBWBD1SRWDWSFO3PZ0,1745860.80
WEBE9SBX588VFUCVCA6KFHWB,114611.70
DJI19LCUNUHP6YSGPY52D5VG,1866274.49
X4UPULQG61VIGA97USY7AAEB,556147.93
A8DBPECO4X6D09WYOVT8UZK8,10291.37
BKX6ZWB8UJZD09RFOWFPPD3C,1218420.04
7N3JP8KN9AUNXOWRQGAU2JX6,122895.23
OOPQTNZ74OLPKVT7TGB89UQL,1374989.57
8CWPTN20RQPDSYBIFFBKST0Y,8411.41
OWB91F2VZ2E9CLXNOL6UWHHG,188102.15
WAY3DD43Q6Q80C91JL6QMMPG,15632.29
UADPJBZ9RKH43HTQTVH3XJVU,495907.26
M6XUGZUMRVYFPA749TW11FOQ,4312643.39
CVZUYWP0DE2FJV35UBX139M6,341312.86
AJCKYA81F772Y6I2JEQLMAZC,26159.84
7I9GEGMXL9VGE6G8R8LIU56R,121150.25
P9XHDUDOI7KBTD5L2G3SC6QX,123217.53
JPNKGL9N1J930H744PR6F13F,44838.55
GLVVKMVFJUI5UD6AT6MOFH56,11048.11
PMD8YU00ONQZ6N15NUIUA664,7303.26
HBOFBLQ4I6NC3SD4UA8N2SMB,272764.35
GE69DH4DIW8TTIT7JE64SAT0,113971.87
ZS6B89ES5M9TCN41GZGOWCJT,477865.10
U5ETD8TPJGZXIHUBTF7XB6BI,108704.78
H5QRESBL5GN954V0X557JYX8,5502.67
7I5K7G5VXEDAKWG1D52TD5QA,41880.93
EIQKTWLBDUEJKOYYOEFNTT4Y,13892.25
SH1UHKUCEMW3OCALA3C9SBR5,1086893.78
59YJ2N9PUQHJMAG3DFP5QVF3,3119.45
WZYR306SNAZABOWG3S0P0ZO2,106681.48
9ZI0N9P40P5UV8IUNC6I1JMR,9614.26
MAJR8E5TRHGU1G6BTOB7VC0M,15378.17
SEN3ZRXYGQMIN836PVHIMVE4,54940.47
O4SRDQSMXQ306AYNEQ1X204O,74731.32
J1P3UW9MP6CGJ5KLYWMFNY0R,10582.55
RD1LSDS2ZKLY47IBHWNHXWF1,1387483.93
0DIIQ3XV0C7N79DDVXSRTR51,60215.22
B5ZX7R6J7L1L5YQUP39FJEBV,14546.32
NG062DTJJ4N1YX614AX4QHKQ,4650.66
0D62WKMSBB0L6B1OROJ4XJJS,4995.27
SHA3A8F9N11Y5EUG9W0UWO0R,12367.43
JS01WS6YLX4ICV2UIPESHOWE,11481.90
JKYA9837MM8IIIJMLEVDM1H8,97924.47
20BFMAMR1QLK8086JZ2WYRJ1,98032.44
AORWY243KHD5PPL64NA5B1NG,75467.70
Y1HXRF21OPB26M1ARCACE32I,8962.68
KIU8CNJHJYP64TJZISGJEY1P,55821.10
ODURQ335WV53JX2M3U0PSANS,21940.89
YO03JW6TN7ZLWGL7DL0YZS7D,9024.52
EJ3CFAIVYHVMLXYOQDGLGFUE,6878.10
855LFLMPYWBLJTDROCRTJM04,13498.19
GDFJ97OX486QKAHP1RY8J38L,6298.89
U2N85V6YUKWTZWYIFUHPULYV,453780.36
TWH8V22K6WOB3NJ183RG1KDJ,222275.19
5Z9CCPIZ2V57XWHVAOE2N56M,9105.04
SUWTU7G890VVO0B6MFV5O14O,1121651.83
W5Y8JX50CVKV1GYJX5F49ASW,10354.86
24RO2TMJWQRNS73ZV0GVVCFP,130409.16
EKNTM4G13586PSAG2A9L1JLB,56559.62
T8T2E2AWGM7YTPKNB1P332OD,299070.47
1GBYGX4DZ5G4ZXXKNTELQ6TL,2544.56
ML3NIVGZZ13M8JBKBN3D3SGO,10928.66
0TWSG2RBQK0KXNVV05DDELDM,712442.13
QOKNXNV817MT3HQI909OG7P5,2341096.03
YGX8HU9TO2VODM0KHGXL8BQD,792777.45
P68Q4LYV0IU2J3OSBBQSYQQQ,19100.15
0ICXPVHJ8RI8ADHF75QDQS2J,65135.24
EP1OKHB7T6LQKFBSUNJU5I4H,3801.72
QC9H1SR1NQNJ0DLISN5N0MM4,5103.77
H18JQOGY5KBX53QKVILJIP9O,77691.07
KBCYYFHUX5B8EQLW162PMUVZ,23379.58
V67W4TDBSQ7DGMDE8JUV83Z3,2536444.08
9XGI4BTZ8NZSHBDCUQE4K4KB,342377.41
UMG0AGFGNEZAY6DC45KS9ENB,4622.39
5TZV7Q0QZFZFG8FBITVU5QN9,1157687.95
2A1T6MF8TLMJG30DJW6VF4QP,3588.56
8CN9EYKF2VDTRNZTNSBMZDL0,6013.98
83HPKD8F2PA6P6V1SJAGDCRY,30295.89
AW6T62K47RLSDZ9YPEVH62LG,5076.23
I9Z2RPUZSKFF9WF8RU7DDUUK,35149.15
GWI5NQPQ8N5PIKIGAHB4EIOZ,5710.20
6K4V5L5HGC4BR84RUB9PI41J,22998.70
M5521QXBD49MQNIESE6Q1SDX,1370936.55
8A7SNQ9W19URQ4JVC39IVBIP,503000.94
MI2M2G0HC1A8H8B54OBG7ZFO,156956.37
BD9MKUK71KM8OM70MCXZXI0D,4789.46
S139O740VOFZLOH10XVH2217,463476.30
84EMQQ6I2AINNSK6D85JWQ2A,196273.59
UNIVRLQCM7VHSA9PFJ3FFT87,15439.05
7DGPYK166FA9X36Q48OGU2W5,8065.88
EAV8QKWNHAMKVXD12CRL3WJQ,499113.34
PGR7J73BEKZSKT8UPWGH210N,425755.17
EWFEDNQH86M2JLHOPY47SNC3,1441781.42
HWJ3ES8TJ4I8RLWM5YFRR10X,7484.00
V8ZMJUYDG8C4703PJR3MVIGU,39414.53
3SYEPBIY3HRDQHTG5CMIGWBF,7684.98
QDA2I17RX0IIQO4V0WXIJ470,6176.15
ODFUOHIN9CL8N8KNPA8JKY6Q,56977.33
ILPFCYQSHV9VGE8E9JZ6DMGS,38339.64
IK5QBUMRGB8WRFKBKZ4AR21K,720891.40
JY8DWADHR2WUF48KBGOXLH52,39295.05
LL758F4YIK259YO0X8YOSM1V,103406.14
X8F6GC2K2P2HCHIV1M469V4M,24026.40
LXHB3RTFRUAB594JG8KV6PDE,39404.74
Q0Y7X0ZO6X2FH3TEAL8ZFEKV,4503.66
LXFPAMZL9W1XFEWJJ0IAJ8LE,13600.08
VK9LTS6RM0WP8SZ6WPCMXYLB,1062722.95
5GGQVUT0LYP3NZWNLWCQHDMQ,17544.68
44ARAL6QV0FNIVN0PGISL6JD,8573.99
TJRC454CP46YRWCSI81TKA3A,1787882.77
BCTIP5R4VHZSNN6K6MKLWDBW,4474.20
IDT5BNYC4J8NQFGJSDHKRKR7,725298.27
QR66AYZFKG7FHBLYIPACG06Z,16224.24
UTK199ACFANYLGO22JFAY696,6608.47
0N18PMKGJVYGEQTDA9KYIQZ2,43476.98
GBPFSJG3QEXLYFJVK4WAZ80C,11702.51
8DQBOH9QRE5CS5YPAWRF7YGM,8387.23
GMUKVE6SERWZVJIO1IT1EWX6,1864740.21
UPO9XOO4BRTPBSAQGLSABEK3,6239.40
TFWSMANG7LMWNZ5DUX5AP0JC,4080.56
4FZKPMNZT0ROZMSEQRUC4DJM,129387.58
PGGCWRY35FNTOHV8XNYJPNXS,48727.47
97J9V4RFM7EPA4XKSOI125FJ,12710.89
Q8R9907C3OKPSGUONVCOAD8R,10620.51
OVP8KFSCF5VRXCU3ZLKCTOA3,151240.26
UJ7Q5UKAUR8FVDURX944IHXN,4581.22
UCRIXRGUJ6T4QI3PI8K337L4,4992.20
25DVYDBNMMO7U4UOJ31GBDIZ,28539.58
1BFD8TVFWZLVDPRJPQ3K2BC4,8284.25
043SPX1G4P30A8MGBECOOV8V,70927.91
M3S63OVU30YN9DVP1HTSOD8M,29636.10
9B39S1WMK94EJCG9PMGUYXM2,5125.02
LS8F8GUMPBLPUQ9HNOF65G0O,10478.87
H26UXIF2ZXUQM9261V4Y98DW,6055.31
28FP1XLCA6WOX7AI3R0JYSRP,721862.16
XZ8S6VLOKPQBCL067YKYRSN7,1804944.78
RC07EIO2JMOWM9RZAPZTPYTK,11007.00
JAKNLTYZQHYK3P1AD4EIIBJ2,7074.50
H1PRXPE4Q7617WUJ4GN74A8G,166306.06
P677ILLHUH78B7SM70OVEPRA,7129.41
BZOSOW436LUMWMYCH47N1ZNI,1346043.79
TSNMPTJ4CF387N0D24Q9NCLW,589.31
4TX4A4VRJPOVXSAUWKQ22QQ8,5686.08
HK6FR7AHO1SYH107SP12YX94,767963.80
PWVVA6HT7W8F72OGEDBD5FLY,29695.31
N8A9HADE21FOBYIUAMV4QRJ1,68161.60
JKRG87878MW0DP7LYO3WLM65,7653.25
TJW527LK03NPN1Z6077IZZQ4,1192455.07
Q140Z1O7P7VGI70C0FHIFL9B,6605.36
7SVXPFANOSDLQU4M43RVRQ45,29150.24
AE993O774OIH1BTCM9OBFB5V,380.93
WKWODLMB62QRD8OREXNQPYF7,12651.99
97XI6JL83Q7FXL4HONO36J88,6576.26
PKIYNQTV95PDYW7NGR13T8B4,145680.25
D6J2JIZAEEZJJ68IZRULK80M,31743.50
ZGT8HZOM71UABHYHDFAD4QOQ,938910.23
ORZXZ9X3FN0G6YN6C3AEZC4B,1423746.28
AZX7GCSMLOULZE0VZTS35KJT,397.22
PML2YC2ZO0PIB6KOHO9SR2QL,393308.65
OAHW3N9SYTSNH4LQV795U4HC,11557.44
8IKTQ2XGEJF0SEYUTU1MEKC1,2900.19
SRDS4S96TZUX4BCXADQ9Q26B,1667346.16
19H6D3F0DSQVELU64M1BLF14,28808.18
6XFP9X08OX4NJT70R8FTIHES,6244.68
3DU5SEGGMHCN93AHP9U1CXGO,10227.49
K1ZPQHHPOXBMG44M386NWTTN,27658.45
WLB6LMMYRILCSCA9Z5VLAIOM,3172.73
2WSBE9MUXJO36YVRGTPSY7YR,341316.29
7OS6BTK7VH5XRMO84A7QXU4O,6118.04
R8L9050VXUSCCUNMLDDA1CBK,27798.60
F4501CHUX9CVQMGESQ6YT51S,71021.62
Z3T00FS8CWX67QNQ9IAMC4B7,1952429.23
JUTPK3D1LAMX4I2QJRNSDWK0,64210.35
69MJWXZ02DOGPS46JCZC7MSM,351922.30
RE1NNQDWNGJ0IUW6HCPDRMW7,12374.10
BFPHPCH83EW4P94IL39SIEFH,2895997.71
0P2W2BEJA1KXWY3PDTFDHR35,640829.68
VWPQA9YRPMK0NC17VAHL8QLH,12710.97
UU2MC7OUYA6GO479OSLDAGCC,3113.24
QIJDAULBH5V0TWSZK6IC1IV7,4503933.42
GX8HWRLUQWHUOI8FQ7K443GP,88693.58
V8J4QR27CT0UF1CJ6B0JUPU4,1851.03
RUZOEQNPEYQ110WTGXTBMUA6,12117.03
4FSM02FCNNK3BNOI2SDHH91Z,6982.70
03FFPQ3WCDW153PM8MMMM9L0,6900.65
G18VM82AXZMN35VYDFT0L21W,165005.12
